sweep_id,name,project
mkax5h7o,ours_regression_medium_numerical_default,feature_kernels_2
hejdvh6k,ours_regression_medium_numerical_default,feature_kernels_2
2ryx2eru,ours_regression_medium_numerical_default,feature_kernels_2
r704r2jk,ours_regression_medium_numerical_default,feature_kernels_2
wqa79xhx,ours_regression_medium_numerical_default,feature_kernels_2
tdx90559,ours_regression_medium_numerical_default,feature_kernels_2
4ytlv3lt,ours_regression_medium_numerical_default,feature_kernels_2
zqttrpxj,ours_regression_medium_numerical_default,feature_kernels_2
rc0seoio,ours_regression_medium_numerical_default,feature_kernels_2
ammfejsi,ours_regression_large_numerical_default,feature_kernels_2
buypcdps,ours_regression_large_numerical_default,feature_kernels_2
6zzoyeef,ours_regression_large_numerical_default,feature_kernels_2
fsi59p1j,ours_classif_medium_numerical_default,feature_kernels_2
uugpgw1i,ours_classif_medium_numerical_default,feature_kernels_2
u10r65am,ours_classif_medium_numerical_default,feature_kernels_2
ozc9wvah,ours_classif_medium_numerical_default,feature_kernels_2
dv3lp2oa,ours_classif_medium_numerical_default,feature_kernels_2
mwrf1tx0,ours_classif_medium_numerical_default,feature_kernels_2
tal7tekt,ours_classif_large_numerical_default,feature_kernels_2
53pqwa2r,ours_classif_large_numerical_default,feature_kernels_2
iq3np6zp,ours_regression_medium_categorical_default,feature_kernels_2
1wxt93rj,ours_regression_medium_categorical_default,feature_kernels_2
zqd0wg2o,ours_regression_medium_categorical_default,feature_kernels_2
oq30ulz4,ours_regression_medium_categorical_default,feature_kernels_2
n2w11aup,ours_regression_medium_categorical_default,feature_kernels_2
bl9zxafu,ours_regression_medium_categorical_default,feature_kernels_2
n95gox6q,ours_regression_medium_categorical_default,feature_kernels_2
egk8igl6,ours_regression_large_categorical_default,feature_kernels_2
ngcnkdwk,ours_regression_large_categorical_default,feature_kernels_2
v50llaku,ours_regression_large_categorical_default,feature_kernels_2
7n32thl4,ours_classif_medium_categorical_default,feature_kernels_2
1r9y8f33,ours_classif_medium_categorical_default,feature_kernels_2
lnfk1nyo,ours_classif_medium_categorical_default,feature_kernels_2
xh897ggy,ours_classif_large_categorical_default,feature_kernels_2
